timestamp,price,volume
2025-03-17 03:05:34.707,1908.5631572685384,10178488169.979366
2025-03-17 04:01:01.605,1911.8739235167764,10469694605.610113
2025-03-17 05:08:26.187,1901.4583583183564,10490324073.96528
2025-03-17 06:09:52.382,1898.5100101428507,10628992093.183096
2025-03-17 07:01:02.282,1894.0879329920429,10731561227.0463
2025-03-17 08:04:55.020,1900.6671140609471,9848370085.692404
2025-03-17 09:05:41.465,1901.0882002780227,10891955846.181803
2025-03-17 10:04:48.136,1909.0878843445037,11158897782.781895
2025-03-17 11:06:54.696,1910.5766800123727,11151621355.270208
2025-03-17 12:09:47.475,1909.3509946799186,10405734070.705936
2025-03-17 13:04:51.033,1907.2303267717632,10797248765.521984
2025-03-17 14:04:46.296,1896.5717349718898,10937603108.163115
2025-03-17 15:04:35.351,1899.642407558042,11421877770.870424
2025-03-17 16:09:56.962,1919.2034162904258,11606938935.50251
2025-03-17 17:00:54.426,1914.2400817390935,10138590106.0576
2025-03-17 18:03:02.802,1931.5613812853903,11255547135.971296
2025-03-17 19:09:46.348,1946.5947400768011,11796099587.33983
2025-03-17 20:07:18.149,1936.4361904951543,11402016923.80137
2025-03-17 21:09:55.309,1936.386636739271,10416928408.11151
2025-03-17 22:09:40.296,1940.0682594320524,11482801283.045673
2025-03-17 23:04:52.642,1933.2800472515783,11476251303.273005
2025-03-18 00:04:57.906,1926.4329790258116,11245245135.408827
2025-03-18 01:09:52.134,1924.3019695379357,11096741902.393356
2025-03-18 02:04:54.278,1903.5637262741234,11057935756.8661
2025-03-18 03:01:12.121,1911.0651894571872,10895007545.74241
2025-03-18 04:04:50.999,1901.3061007223102,10490070538.505379
2025-03-18 05:05:25.537,1904.2341105773426,11054646091.864382
2025-03-18 06:01:07.613,1907.0178810272407,10868557618.648375
2025-03-18 07:04:54.334,1898.2022808733163,11056702622.717043
2025-03-18 08:09:50.462,1907.367738190436,11138962570.786324
2025-03-18 09:07:13.368,1907.8835597541786,11151220642.605022
2025-03-18 10:07:15.860,1902.573295811513,11201934878.105042
2025-03-18 11:11:21.376,1893.8955706268334,11305683391.946821
2025-03-18 12:07:34.580,1893.674330464751,11435480607.159197
2025-03-18 13:04:45.018,1895.3639539544968,10892405834.821177
2025-03-18 14:01:42.277,1876.0471672713948,10470949976.026083
2025-03-18 15:09:27.261,1889.1385115839282,10971803924.166557
2025-03-18 16:10:14.059,1884.3192161748345,10866526145.04402
2025-03-18 17:09:59.649,1887.4656324769303,8447115091.974546
2025-03-18 18:04:47.817,1878.2390574266872,9963376952.511223
2025-03-18 19:06:36.529,1890.9035180635242,9672805837.553432
2025-03-18 20:04:44.950,1904.3010519596603,10443378467.594772
2025-03-18 21:09:45.168,1906.1883491236083,10178394747.072075
2025-03-18 22:09:36.761,1912.8861246297774,10512933202.562946
2025-03-18 23:09:41.208,1919.8360936038243,10617727424.134178
2025-03-19 00:06:04.842,1929.8958934893628,10898886258.799763
2025-03-19 01:04:48.764,1944.321223275636,11263469012.55666
2025-03-19 02:04:43.446,1933.0320068061558,11612598141.418821
2025-03-19 03:04:58.979,1932.6135123045199,11545952192.892967
2025-03-19 04:06:42.103,1936.7669916691364,11335759171.638472
2025-03-19 05:04:58.588,1933.3135690189115,11433006626.417957
2025-03-19 06:00:09.459,1939.6886499754794,11728001200.679478
2025-03-19 07:04:38.147,1937.6488059114358,11517765628.322716
2025-03-19 08:04:55.615,1932.0355413211064,11375891073.254627
2025-03-19 09:09:25.546,1939.5410945645276,11290928103.29022
2025-03-19 10:03:28.198,1943.7701155796465,11432987761.587347
2025-03-19 11:06:12.836,1974.4034724423361,10335940478.500414
2025-03-19 12:08:53.197,2021.580835558952,14391688659.640112
2025-03-19 13:01:18.036,2001.77512549197,14576501922.451694
2025-03-19 14:04:43.474,2017.8462044058115,15947330441.77403
2025-03-19 15:04:23.364,2030.5821289422474,15595979370.505882
2025-03-19 16:09:44.475,2045.4455123980472,17322036094.856106
2025-03-19 17:04:50.156,2047.9651642250947,16661913668.037094
2025-03-19 18:04:40.875,2027.4396778513517,17587554257.281326
2025-03-19 19:04:42.005,2055.7735152803853,19233632933.54781
2025-03-19 20:04:48.809,2033.4748898469513,20629486937.537006
2025-03-19 21:01:37.640,2032.741040650986,18304934785.54817
2025-03-19 22:04:48.861,2040.9656475540446,20986868137.44308
2025-03-19 23:04:58.671,2049.8412983437943,20557521747.27418
2025-03-20 00:04:56.717,2060.728601068271,20374739988.65224
2025-03-20 01:05:31.854,2030.810684267896,20571860032.888985
2025-03-20 02:04:21.133,2025.6321235940486,20860628560.970173
2025-03-20 03:42:27.861,2027.5284754801767,20986849471.95216
2025-03-20 04:05:56.943,2023.9485780273105,21407961102.21226
2025-03-20 05:08:53.538,2021.8047188319915,21171474277.38227
2025-03-20 06:17:07.029,2020.8053260073505,21089245157.073887
2025-03-20 07:09:24.690,2012.1720943720616,21207234402.944523
2025-03-20 08:04:41.000,2009.0896853662687,21386573615.346348
2025-03-20 09:09:22.215,2017.7694762727306,21743593603.27696
2025-03-20 10:04:56.313,2005.763410549839,21679598972.193142
2025-03-20 11:09:45.193,1983.7110009386386,20785949095.53223
2025-03-20 12:09:29.745,1987.9528895415108,19091506275.57536
2025-03-20 13:04:55.063,1995.5567564386288,18622882497.84851
2025-03-20 14:04:39.455,1986.029002727694,17860715057.478317
2025-03-20 15:09:12.663,1988.012157150476,17728171448.616295
2025-03-20 16:04:48.493,1970.0067589329858,17084447023.866062
2025-03-20 17:01:16.205,1955.4681723488773,17788974105.88893
2025-03-20 18:04:32.432,1966.4778488463912,16124837399.039713
2025-03-20 19:05:28.751,1968.770027453926,15989677038.921888
2025-03-20 20:01:54.241,1973.3077977778617,15143663840.139795
2025-03-20 21:06:37.681,1980.7243454417921,14947275345.120396
2025-03-20 22:04:48.705,1975.6313629803062,14599510372.48723
2025-03-20 23:04:50.613,1975.7432130428801,14469856215.318146
2025-03-21 00:06:39.463,1979.9131141463024,14283437683.896486
2025-03-21 01:04:56.875,1990.593782100336,13926341350.680702
2025-03-21 02:04:54.955,1993.5797291895099,13683538125.352182
2025-03-21 03:04:05.676,1987.9736407022044,13426857762.893568
2025-03-21 04:04:55.311,1979.4769050572108,13378477636.09043
2025-03-21 05:00:20.279,1984.009201566793,13401856920.037054
2025-03-21 06:04:54.014,1972.9653290186689,13118680775.889587
2025-03-21 07:05:33.942,1972.1268903952857,12982316932.279333
2025-03-21 08:01:48.837,1974.0278684718287,11405814057.20008
2025-03-21 09:04:56.426,1974.2946814793218,12153075137.477358
2025-03-21 10:01:19.942,1968.1145060770577,12094938704.001257
2025-03-21 11:03:54.215,1967.507539658806,10044044897.263844
2025-03-21 12:09:28.351,1967.2223041344182,11867085313.821688
2025-03-21 13:04:51.629,1942.7978102059253,12204187577.07988
2025-03-21 14:04:22.016,1954.5857569346263,11840819323.931166
2025-03-21 15:00:35.152,1951.3187319071822,12085430226.408
2025-03-21 16:09:12.458,1947.1828391443582,11167704945.257378
2025-03-21 17:09:39.922,1961.3089898712565,10721522287.007322
2025-03-21 18:04:38.141,1968.2386608109648,9980123556.793703
2025-03-21 19:09:37.523,1967.1470853930473,10217253074.677618
2025-03-21 20:04:39.781,1973.7319148067488,8371958141.277429
2025-03-21 21:04:50.433,1975.7267588677985,10215834526.33848
2025-03-21 22:04:50.668,1975.2219693444065,10270423474.210726
2025-03-21 23:05:32.897,1965.6981841491188,8979357355.309633
2025-03-22 00:04:56.492,1964.5293833168294,9890112887.282015
2025-03-22 01:05:00.119,1978.9328905873674,9852809043.485783
2025-03-22 02:19:46.161,1979.4923378569358,9912429350.665407
2025-03-22 03:09:04.766,1981.0588732162412,9902537788.816584
2025-03-22 04:09:22.438,1985.3176374158502,9645998395.262821
2025-03-22 05:09:35.703,1987.5161434051533,9676856047.642874
2025-03-22 06:04:56.990,1986.0176671404568,9670469661.342928
2025-03-22 07:04:54.983,1988.2491657702785,9466885747.504034
2025-03-22 08:04:45.382,1984.3868825422526,9487462736.970547
2025-03-22 09:07:10.595,1988.6257191787327,8086044933.232099
2025-03-22 10:03:50.178,1996.833812587936,9577765318.936684
2025-03-22 11:04:47.670,1995.966628308745,9252060453.932745
2025-03-22 12:04:10.893,1989.027976036893,8966446725.56252
2025-03-22 13:04:54.648,1994.5547994338626,8524153508.940209
2025-03-22 14:05:17.546,1989.3080769339656,8008082134.507698
2025-03-22 15:01:10.106,1984.448351406969,7537261703.113317
2025-03-22 16:01:45.778,1986.6251259596838,7348453651.280022
2025-03-22 17:05:39.226,1984.7973285239648,6955749915.623346
2025-03-22 18:00:47.174,1992.518759776307,6792239594.480614
2025-03-22 19:04:49.498,1995.8008913589715,6549068217.621751
2025-03-22 20:04:46.160,1995.1378637382477,6332457580.46965
2025-03-22 21:04:48.915,1992.7938978750128,6315419539.8409605
2025-03-22 22:06:31.631,1986.2369423408816,5407987116.294482
2025-03-22 23:04:56.446,1984.572962610795,6007690813.2500515
2025-03-23 00:04:57.725,1980.4561194459652,6184263492.678938
2025-03-23 01:04:44.858,1984.508649678359,5914739962.932634
2025-03-23 02:04:46.093,1997.3171354440826,5853983052.349817
2025-03-23 03:04:48.222,2001.2563991820732,5739682147.5067
2025-03-23 04:05:14.819,2005.6376747293612,5935613114.605262
2025-03-23 05:09:33.929,1999.2946386498813,5203926695.549029
2025-03-23 06:04:57.108,1998.8830008971245,6777808629.760246
2025-03-23 07:04:48.485,2003.5850539178855,6865184895.598615
2025-03-23 08:09:32.898,2007.3286929786334,7030968077.474525
2025-03-23 09:04:42.982,2010.574476907494,7029696844.426319
2025-03-23 10:09:39.772,2014.4012105603858,6582556371.880668
2025-03-23 11:04:48.850,2012.8835079223506,6668790006.736067
2025-03-23 12:02:39.918,2006.208184388685,6900804300.843542
2025-03-23 13:04:51.028,2007.8830081391473,6891768188.716041
2025-03-23 14:06:55.965,2016.8712243848674,6962421262.970196
2025-03-23 15:04:42.511,2004.2837562903533,7126670255.18453
2025-03-23 16:09:47.950,2003.8109803867603,7264711858.759297
2025-03-23 17:09:40.931,2000.1600147589752,7336166720.804701
2025-03-23 18:09:37.433,1991.3002574029158,7142260013.262101
2025-03-23 19:04:52.478,1998.195312024479,7685880723.765273
2025-03-23 20:09:29.355,1999.0382816911806,7694062410.990837
2025-03-23 21:04:41.078,1993.0706560277965,7651004790.504956
2025-03-23 22:04:37.784,1995.9147048387763,7664970367.172218
2025-03-23 23:05:28.627,1987.3313825065113,7354692929.359514
2025-03-24 00:04:50.749,2007.2145514705949,8031864758.236647
2025-03-24 01:06:54.906,1993.867203457615,8421250572.963783
2025-03-24 02:04:38.807,1981.372306444757,8707725901.7155
2025-03-24 03:04:40.501,1991.111615648486,8843377149.867498
2025-03-24 04:04:55.732,2016.112778522604,9356522687.155596
2025-03-24 05:04:49.947,2039.3139725278625,9308028268.694944
2025-03-24 06:01:44.369,2049.6071658186793,10119643640.056791
2025-03-24 07:03:48.151,2068.5381681981567,10683140479.967758
2025-03-24 08:02:48.058,2070.3051874687017,11333430267.779005
2025-03-24 09:04:23.760,2090.149530015693,10684295014.632736
2025-03-24 10:04:52.488,2092.2536296047333,12393711024.229038
2025-03-24 11:04:55.147,2096.156268216786,12484814090.845352
2025-03-24 12:01:18.312,2092.7541231614964,12760379042.549847
2025-03-24 13:01:31.382,2082.4809114447385,12873965980.01483
2025-03-24 14:09:42.544,2091.2579497962306,13692267950.17664
2025-03-24 15:04:49.374,2080.650994508801,14155181259.998957
2025-03-24 16:04:50.475,2090.5803661362993,13848751695.917063
2025-03-24 17:04:35.454,2076.609892507505,14591979443.419943
2025-03-24 18:04:52.669,2088.759125188943,14635198909.643751
2025-03-24 19:04:51.338,2097.1807859447226,14767153323.447147
2025-03-24 20:04:58.374,2090.8398330110754,15538765707.320738
2025-03-24 21:04:47.043,2084.569613688666,14565096170.01286
2025-03-24 22:02:01.978,2086.6810573888347,15647299842.430714
2025-03-24 23:07:10.652,2075.3722622891064,15627297723.32131
2025-03-25 00:05:00.126,2078.6015272329155,15868016552.215559
2025-03-25 01:04:31.942,2088.112918424497,15772908021.750864
2025-03-25 02:14:45.591,2062.906484979145,15397037492.094934
2025-03-25 03:04:42.160,2063.0519999378675,15423871679.665287
2025-03-25 04:04:47.101,2042.5706618047136,14485765249.205025
2025-03-25 05:04:33.375,2045.8519819348867,14196160426.605612
2025-03-25 06:04:45.844,2048.4976807742605,13629490475.622585
2025-03-25 07:04:59.938,2055.387500035818,13243968450.053411
2025-03-25 08:04:44.874,2054.673484736181,13219252388.677252
2025-03-25 09:00:34.226,2061.0141462031274,13361261124.166142
2025-03-25 10:04:59.748,2071.668321519816,11255347673.769495
2025-03-25 11:04:14.389,2070.9588147660393,12468191215.855236
2025-03-25 12:04:30.335,2070.1917242859413,12232000756.37132
2025-03-25 13:02:35.724,2059.453437226135,11823112542.12662
2025-03-25 14:05:37.514,2063.8492190727275,12529398199.560678
2025-03-25 15:09:32.630,2077.662263137576,11762169158.923737
2025-03-25 16:04:48.096,2068.6562713673898,12625413915.888683
2025-03-25 17:04:54.585,2068.357771942794,12438998487.22293
2025-03-25 18:09:39.802,2076.0101042106817,12405980495.28018
2025-03-25 19:09:34.614,2066.5837958392863,11919652295.614965
2025-03-25 20:04:49.917,2077.160146350892,12263198097.447775
2025-03-25 21:04:59.494,2067.1041402294386,12146431939.358185
2025-03-25 22:02:42.603,2063.856706391748,12661569509.017443
2025-03-25 23:04:56.366,2062.9823608455627,12272426814.211977
2025-03-26 00:04:51.884,2066.470087193809,12545032745.976505
2025-03-26 01:04:56.936,2070.5849381719754,12286032098.268064
2025-03-26 02:01:48.832,2076.3726528494803,12295527971.421474
2025-03-26 03:04:32.661,2053.989173883845,12024100561.603052
2025-03-26 04:04:38.469,2049.4583879408783,11572400244.157497
2025-03-26 05:04:38.701,2053.140951164168,11727471840.12509
2025-03-26 06:04:48.482,2061.097285271342,10995296606.194483
2025-03-26 07:03:21.286,2068.5440993048387,11865024673.186361
2025-03-26 08:04:35.615,2069.32943000613,11665100414.23434
2025-03-26 09:09:17.623,2062.99301706377,11655396026.015533
2025-03-26 10:04:30.821,2062.8641471792803,11234065447.037386
2025-03-26 11:03:58.258,2074.172801036266,11636570395.285055
2025-03-26 12:04:30.586,2068.7559885911355,11710491173.083931
2025-03-26 13:04:51.593,2065.2456172211946,11160336861.395275
2025-03-26 14:04:57.135,2041.5273673591732,11717583315.345928
2025-03-26 15:05:24.460,2019.653205114459,12060731461.471853
2025-03-26 16:04:57.628,2011.5028287322755,12282435823.407019
2025-03-26 17:04:37.063,2011.2412168833355,12415878132.171322
2025-03-26 18:04:38.435,2005.4783956888862,12710167925.129349
2025-03-26 19:04:53.774,1996.728025450426,13186843281.101023
2025-03-26 20:04:46.856,2001.748472422928,12388340441.866852
2025-03-26 21:04:53.603,2010.9490017855026,13902916163.23314
2025-03-26 22:04:09.616,2009.3094509867017,13136914276.544344
2025-03-26 23:05:56.077,2001.4605554632865,13959504768.713379
2025-03-27 00:04:40.151,2009.342849130818,13890108011.459265
2025-03-27 01:04:46.479,2017.6369532596905,13683337510.09302
2025-03-27 02:09:34.943,2023.51602060819,13613780559.067146
2025-03-27 03:04:39.658,2030.9773176558044,14044438505.783031
2025-03-27 04:04:46.579,2032.4229209455207,12940448098.980625
2025-03-27 05:04:42.955,2030.629265126667,13479738816.591665
2025-03-27 06:04:50.503,2023.0301326375895,13601044744.385134
2025-03-27 07:04:20.041,2025.0139312526035,13474526845.653025
2025-03-27 08:04:34.833,2027.4242602912727,13075367268.505299
2025-03-27 09:03:59.321,2026.2030151554047,13343522263.287777
2025-03-27 10:04:57.190,2030.0662668539976,13366198865.586887
2025-03-27 11:04:59.817,2025.3399481777628,13367215920.797928
2025-03-27 12:05:45.425,2015.540640594309,13396546866.154634
2025-03-27 13:02:40.486,2017.7326083692979,13408405834.300955
2025-03-27 14:00:27.388,2000.0332345939546,12211536559.909346
2025-03-27 15:02:44.042,2024.4033878961461,12705006323.20295
2025-03-27 16:02:50.300,2005.7823248790835,12732881530.34376
2025-03-27 17:03:48.812,2001.0037900206362,13394376538.5395
2025-03-27 18:04:28.540,1999.8365428296447,13087137320.68296
2025-03-27 19:04:39.064,2009.2815809122897,12787742179.465406
2025-03-27 20:04:30.407,2003.8133384658754,11316031821.247532
2025-03-27 21:04:31.085,2007.9198616258377,11703516927.343243
2025-03-27 22:04:56.112,2017.6462696614078,12084135163.254292
2025-03-27 23:04:54.410,2007.7663536527648,12279615748.252283
2025-03-28 00:04:42.882,2002.1534229050983,11332648784.004204
2025-03-28 01:04:56.648,2005.3095721025106,12074357059.448826
2025-03-28 02:04:54.924,2008.3803478565842,11816422608.681978
2025-03-28 03:04:30.054,2007.63597165613,11852022337.829716
2025-03-28 04:04:55.262,1999.0563259507708,12161793004.463087
2025-03-28 05:00:45.601,1935.8561331539795,13389362208.570599
2025-03-28 06:04:51.938,1917.2305211611067,14760915926.850044
2025-03-28 07:04:54.938,1914.3614170767353,15301035747.801075
2025-03-28 08:09:47.685,1912.6859417680446,16312351499.447418
2025-03-28 09:04:42.218,1908.1067229342796,16882051365.468142
2025-03-28 10:04:44.694,1909.3180940701936,16960759389.421175
2025-03-28 11:06:45.657,1907.7191977938307,17086160874.033188
2025-03-28 12:05:13.467,1900.0681029363125,16897518454.189259
2025-03-28 13:04:43.252,1885.6047463536872,18141270708.899223
2025-03-28 14:02:54.649,1887.4551248904197,14766286132.019876
2025-03-28 15:09:06.553,1882.5180262681306,18033064572.83283
2025-03-28 16:09:37.534,1874.1669258672443,18614358392.20516
2025-03-28 17:04:44.125,1867.8447962579319,18916437873.18257
2025-03-28 18:05:54.230,1882.6447343306816,19138679276.352493
2025-03-28 19:01:21.975,1876.6773015859621,19057891920.347015
2025-03-28 20:04:50.519,1875.2010758667343,18946891346.495815
2025-03-28 21:04:53.625,1877.5645769209675,19195210200.809067
2025-03-28 22:00:49.427,1884.2863903990278,19029034982.51873
2025-03-28 23:08:46.105,1899.9353681994535,17036908827.631336
2025-03-29 00:04:56.467,1896.9173600459985,18419487648.39739
2025-03-29 01:03:30.270,1903.218220092974,19223751251.669106
2025-03-29 02:04:52.335,1909.8412624177538,19036497273.61583
2025-03-29 03:04:44.156,1894.6607774852098,19273247549.58281
2025-03-29 04:04:58.217,1900.9307006154256,19173678663.290363
2025-03-29 05:04:45.755,1894.4521016310619,17114524043.0446
2025-03-29 06:04:40.471,1886.6882398400928,16272431609.740322
2025-03-29 07:04:58.592,1882.4017710775192,15429193800.027246
2025-03-29 08:05:17.173,1879.3051256200545,14512058798.764938
2025-03-29 09:04:37.771,1883.7451461597805,14582724015.388802
2025-03-29 10:04:43.341,1874.5122500294387,14684565484.380672
2025-03-29 11:03:58.868,1867.3749116534323,14709797892.874725
2025-03-29 12:04:53.908,1841.2780704207992,14366877988.794052
2025-03-29 13:04:41.712,1851.5199559416626,14064804051.665773
2025-03-29 14:05:32.210,1857.5159829159902,13399792585.456995
2025-03-29 15:04:30.950,1847.011568697345,12710554386.028343
2025-03-29 16:09:41.880,1843.8536081117206,12135805385.639883
2025-03-29 17:04:46.830,1820.746307118127,10477171720.438871
2025-03-29 18:03:54.425,1817.19105365846,13058550050.376831
2025-03-29 19:07:15.997,1817.8752409964054,13202048888.381168
2025-03-29 20:04:59.403,1819.0682519180023,13135701608.790388
2025-03-29 21:04:23.993,1815.3492108873306,11793362170.698906
2025-03-29 22:07:26.610,1815.2876807324521,12866302575.967564
2025-03-29 23:07:49.349,1814.869605045779,12672097761.647924
2025-03-30 00:04:43.734,1827.7705067756945,12632895910.589138
2025-03-30 01:04:32.541,1826.9922566367939,12504586359.081501
2025-03-30 02:01:49.015,1834.8753822229423,12755495369.891518
2025-03-30 03:04:42.548,1839.2482578744837,12914544934.731873
2025-03-30 04:04:34.129,1834.2194376059617,12851385130.813856
2025-03-30 05:01:59.084,1840.9980354038826,12768498638.685219
2025-03-30 06:04:20.854,1836.5163222569424,12483798047.501678
2025-03-30 07:00:31.993,1838.6675806839446,12410332429.792627
2025-03-30 08:04:38.515,1836.8318017205968,12058540237.872133
2025-03-30 09:04:47.578,1845.2468215120737,11947619376.10222
2025-03-30 10:04:41.618,1843.1835332673847,11568272756.70263
2025-03-30 11:04:38.751,1830.2714898114887,11465900385.111961
2025-03-30 12:04:42.203,1832.6096691634766,10306186641.896446
2025-03-30 13:04:44.186,1833.0178744959596,9986674509.65866
2025-03-30 14:04:38.832,1807.9084529728552,10421924172.021128
2025-03-30 15:03:33.773,1812.8649912908302,10916293739.241457
2025-03-30 16:09:30.941,1812.057091246189,10675173261.135702
2025-03-30 17:04:43.938,1794.8731532409388,10371237297.971718
2025-03-30 18:09:25.046,1807.8305476943187,9825219389.847681
2025-03-30 19:02:02.172,1823.9102002661514,9660117497.04737
2025-03-30 20:03:44.742,1814.2229808262905,9016441144.678528
2025-03-30 21:04:44.068,1815.0931125882846,9249663822.868916
2025-03-30 22:04:50.207,1805.4741939107487,9345435774.425116
2025-03-30 23:04:48.323,1806.1353660316297,10310786810.43343
2025-03-31 00:04:30.003,1806.549195782867,9984323384.542078
2025-03-31 01:04:48.882,1786.8469587196232,10845462762.787258
2025-03-31 02:01:18.475,1810.7787117591386,11585588213.131233
2025-03-31 03:04:47.957,1813.6947661202169,11939872862.505196
2025-03-31 04:00:44.312,1797.685725100022,12204002311.723646
2025-03-31 05:04:50.933,1806.3007499835032,12317373840.698206
2025-03-31 06:01:52.779,1808.829431551825,12461030959.92534
2025-03-31 07:04:49.104,1802.004032183049,12618541953.665165
2025-03-31 08:03:32.591,1795.9093534864253,13046731414.702612
2025-03-31 09:04:48.709,1795.0320462816303,13514195751.311674
2025-03-31 10:00:18.343,1784.0721851268927,13910859221.790575
2025-03-31 11:04:43.218,1805.1492644430193,13012970569.540854
2025-03-31 12:04:35.380,1814.4742408396019,14923450866.464674
2025-03-31 13:04:57.826,1833.6318850217983,13317489462.755625
2025-03-31 14:04:58.865,1822.5056910345602,14529422849.429224
2025-03-31 15:09:30.827,1845.2920898176912,17004052524.873407
2025-03-31 16:04:45.637,1841.4463024769616,17538323258.680656
2025-03-31 17:04:32.305,1840.6165197524156,17522060862.883785
2025-03-31 18:00:35.388,1825.0118622151203,17554678796.183342
2025-03-31 19:09:39.370,1840.0980061348346,17553337310.011417
2025-03-31 20:04:44.000,1824.2319663241558,17672535381.521336
2025-03-31 21:04:41.165,1821.2997365098959,18003642190.534393
2025-03-31 22:04:29.314,1824.1361880403915,18000674706.676533
2025-03-31 23:04:46.805,1824.4551444947813,17074276056.876894
2025-04-01 00:02:05.425,1823.748753250691,17017463402.070908
2025-04-01 01:04:52.483,1828.7937567950373,16650757156.197474
2025-04-01 02:04:43.372,1826.27293443618,16318419245.891197
2025-04-01 03:04:48.430,1838.5256329510742,16196019290.469444
2025-04-01 04:04:36.457,1834.2436239032331,15779610265.979588
2025-04-01 05:04:36.396,1836.9475658584895,14286517631.095272
2025-04-01 06:04:44.409,1840.410719749149,15653276246.186247
2025-04-01 07:04:40.085,1859.1834266561373,13916745677.536001
2025-04-01 08:04:45.900,1853.8134219104445,15777593969.17371
2025-04-01 09:09:44.877,1888.3977229611698,16501984568.637934
2025-04-01 10:04:38.360,1885.1823277800468,16433529393.82516
2025-04-01 11:04:49.266,1875.8210972240836,16158598356.718887
2025-04-01 12:04:43.047,1860.4181515693992,16038360788.642208
2025-04-01 13:00:37.525,1862.6650501430781,15584612267.305645
2025-04-01 14:01:00.430,1873.606959991388,14984284523.896751
2025-04-01 15:04:58.228,1885.9218439767012,12911713273.467426
2025-04-01 16:04:54.442,1921.0572974239867,16228954483.660505
2025-04-01 17:04:43.305,1914.080103210547,16447977819.195623
2025-04-01 18:04:48.858,1919.0977529636732,16299860256.554594
2025-04-01 19:04:36.935,1908.4314274579497,16070470198.56112
2025-04-01 20:05:35.873,1907.8208961792222,15881779311.035217
2025-04-01 21:04:39.698,1913.0430168760602,15874322788.375141
2025-04-01 22:04:29.932,1914.7794310100774,16045310558.983692
2025-04-01 23:04:46.701,1911.025610098203,16082358575.458101
2025-04-02 00:04:50.481,1905.2233086975891,16005037424.423508
2025-04-02 01:04:43.987,1890.2107077969895,15725691073.294182
2025-04-02 02:04:56.510,1892.783323179335,14490315977.408386
2025-04-02 03:04:56.763,1879.444750400493,15979628023.911434
2025-04-02 04:09:41.295,1879.1527431829038,15837660150.165731
2025-04-02 05:04:41.414,1879.35532558259,15836753706.519089
2025-04-02 06:04:30.484,1857.3829360824607,16226947139.914595
2025-04-02 07:04:48.300,1855.6818789598317,16095775859.529844
2025-04-02 08:04:34.753,1864.5252551219953,15804519335.76702
2025-04-02 09:04:43.493,1868.482212285354,15401978195.118282
2025-04-02 10:04:53.172,1878.857289347552,15233078066.467773
2025-04-02 11:02:36.843,1872.4132593899963,15155828725.676397
2025-04-02 12:09:29.471,1869.8649819585182,14905220041.985123
2025-04-02 13:09:29.694,1867.4145513972999,14896853530.863968
2025-04-02 14:04:58.614,1875.0794677980916,15143081934.933525
2025-04-02 15:06:28.851,1877.1374570730986,14434668469.30329
2025-04-02 16:00:36.523,1899.4314497616717,12580824580.903486
2025-04-02 17:04:37.336,1903.8194757676895,15437764616.78745
2025-04-02 18:06:31.582,1891.9671176331137,16154097049.914133
2025-04-02 19:04:54.764,1898.359056875244,16203648302.235514
2025-04-02 20:04:35.647,1907.1408902562132,16249532741.853844
2025-04-02 21:05:09.091,1881.2172158459427,18120710164.31455
2025-04-02 22:04:57.059,1863.6766556181367,21373301219.35929
2025-04-02 23:05:00.995,1795.5748762177618,22503991920.492573
2025-04-03 00:02:00.654,1794.3683914039525,23465663455.39089
2025-04-03 01:04:56.876,1816.5091013045444,24734287345.864292
2025-04-03 02:04:49.593,1827.4578927979758,25023414592.25013
2025-04-03 03:03:07.212,1830.8063646865826,24579981328.52227
2025-04-03 04:04:31.978,1823.325571076304,25367043523.61106
2025-04-03 05:04:25.674,1836.106579701171,25418870558.579643
2025-04-03 06:04:25.908,1825.4954183623831,24602143392.689266
2025-04-03 07:04:36.241,1815.6189283635465,25239939617.822926
2025-04-03 08:04:56.190,1816.0341869652436,25264905847.506756
2025-04-03 09:04:53.727,1821.8229447628194,25257248802.796104
2025-04-03 10:04:58.308,1811.9454547836854,23910836491.989857
2025-04-03 11:04:34.690,1793.5161488096996,24928702509.636425
2025-04-03 12:04:32.157,1794.355617448642,25215058368.930016
2025-04-03 13:05:53.836,1759.6429397904747,25916678171.12327
2025-04-03 14:09:20.143,1778.4072418684216,27283969066.196465
2025-04-03 15:04:59.079,1758.4202382008777,28084443667.12494
2025-04-03 16:09:42.771,1788.6929487652849,25968600710.719097
2025-04-03 17:04:49.282,1773.7304465877012,23523263768.120235
2025-04-03 18:04:56.244,1777.2948421028518,25043784725.895382
2025-04-03 19:04:23.435,1787.3014591882675,23357294477.927776
2025-04-03 20:00:51.343,1785.5732635581007,25176051956.29589
2025-04-03 21:04:54.835,1798.4133174894575,20379526537.48418
2025-04-03 22:04:30.136,1809.3311945113205,20384430381.025948
2025-04-03 23:04:41.332,1811.3080479312866,18392352463.481407
2025-04-04 00:05:42.144,1816.778141222716,16717748825.139719
2025-04-04 01:04:38.628,1810.2108329804782,16793420962.916775
2025-04-04 02:04:47.823,1796.2549690029655,16767703678.42802
2025-04-04 03:04:39.419,1790.2152033964596,16426351954.206985
2025-04-04 04:04:41.434,1792.0557495471533,16549933260.046906
2025-04-04 05:03:39.956,1786.3041837283981,16511406062.51971
2025-04-04 06:07:57.026,1804.7458060517372,16666922681.208538
2025-04-04 07:04:33.153,1800.7182087305052,15968489173.302267
2025-04-04 08:04:47.337,1819.26515723935,16178418532.78298
2025-04-04 09:04:32.489,1827.5945877548909,16777241483.699953
2025-04-04 10:04:39.210,1831.3864683139946,16757512358.979082
2025-04-04 11:04:48.928,1784.5597333187225,15610053217.572653
2025-04-04 12:02:18.754,1786.09764839746,17545370355.674984
2025-04-04 13:09:35.034,1797.8511395587539,17364035367.408348
2025-04-04 14:09:29.964,1796.888925199396,16701318537.468588
2025-04-04 15:09:34.787,1804.963948836221,17432988186.933037
2025-04-04 16:04:59.206,1794.9736288077643,17604845551.58293
2025-04-04 17:04:55.362,1797.062447494226,18110026822.823284
2025-04-04 18:04:37.033,1822.4400553622188,18503219780.392906
2025-04-04 19:04:51.587,1805.1571281947615,19393755482.179565
2025-04-04 20:04:41.170,1811.5014364967367,19589668894.595413
2025-04-04 21:06:14.600,1822.3780657123782,18611910397.202023
2025-04-04 22:04:52.366,1818.0398321561038,19785398586.51518
2025-04-04 23:04:46.813,1819.51137614555,19614878447.16773
2025-04-05 00:06:41.999,1812.8636402718714,19394869619.89526
2025-04-05 01:09:36.108,1822.9654232307414,17543204116.6498
2025-04-05 02:04:50.454,1819.5936705575245,18890281391.99473
2025-04-05 03:02:51.839,1815.860451984037,18200478024.904232
2025-04-05 04:04:55.868,1809.9871992560159,17888898496.592506
2025-04-05 05:04:44.320,1808.663361680511,17723727289.47673
2025-04-05 06:04:43.497,1809.801015819122,17486767974.25323
2025-04-05 07:04:46.716,1807.7390191347956,17435986915.000973
2025-04-05 08:04:42.946,1812.3059331693933,17040861566.869081
2025-04-05 09:04:48.299,1813.1866854103878,16475580721.806892
2025-04-05 10:04:32.359,1821.4246333198307,15475225313.586996
2025-04-05 11:03:26.063,1818.4233490241245,15239575474.069654
2025-04-05 12:09:22.886,1806.9314297084081,13931735647.320028
2025-04-05 13:00:09.596,1795.3744531238297,12536270162.43227
2025-04-05 14:02:24.700,1787.4737030867018,11641652750.568462
2025-04-05 15:04:40.407,1790.7087499444021,11161454398.663448
2025-04-05 16:04:51.794,1782.4719890365761,9726215809.987892
2025-04-05 17:02:31.696,1784.4874965063464,8941533610.912258
2025-04-05 18:04:45.538,1786.7694931989558,7669724138.623238
2025-04-05 19:04:44.499,1792.4364113031302,7307218377.7183275
2025-04-05 20:04:43.404,1782.7331739986682,6748121508.136166
2025-04-05 21:04:47.201,1789.278140615678,6725623302.439422
2025-04-05 22:07:54.076,1793.0997146048924,6931740414.342491
2025-04-05 23:04:48.043,1796.6380815832538,6763606923.153199
2025-04-06 00:04:52.255,1806.9138407099463,6788018038.11848
2025-04-06 01:04:50.007,1809.9297371672026,6835016696.484281
2025-04-06 02:04:55.779,1809.434839850118,6866756638.312756
2025-04-06 03:04:43.853,1805.1078594380404,6832110653.110775
2025-04-06 04:04:48.494,1807.9472372444998,6270329922.302621
2025-04-06 05:04:46.084,1808.8749205844604,6874991373.192578
2025-04-06 06:04:53.707,1810.8210811459035,6892578225.553629
2025-04-06 07:04:52.739,1799.6307752714176,6752166718.968803
2025-04-06 08:01:27.223,1797.5117465541487,7017216650.651525
2025-04-06 09:04:57.838,1794.3250437978866,7205945603.071829
2025-04-06 10:04:52.265,1790.1826036744876,6262347053.573881
2025-04-06 11:01:45.454,1789.2709971059512,6691291866.691218
2025-04-06 12:04:36.268,1789.114643994225,6998767224.310373
2025-04-06 13:04:45.168,1780.061395487873,6897242180.673839
2025-04-06 14:04:53.846,1749.859587047862,6677609338.608987
2025-04-06 15:04:38.396,1765.6265727420903,7367883616.120471
2025-04-06 16:05:54.420,1756.727373954113,8280634742.0928
2025-04-06 17:01:16.619,1737.663523014378,8409171074.497731
2025-04-06 18:09:47.736,1675.5697634244402,11265443932.229158
2025-04-06 19:09:38.042,1620.3216757769314,14647825085.598219
2025-04-06 20:09:29.299,1627.820963133028,16153996452.432562
2025-04-06 21:04:45.022,1574.8485493893695,15853678912.635721
2025-04-06 22:04:35.809,1587.400199993651,19864623753.514446
2025-04-06 23:09:34.448,1569.2502317173878,21921944766.50662
2025-04-07 00:03:21.678,1579.0366252686324,23934751772.032513
2025-04-07 01:09:36.800,1572.9546621100367,25796480685.079582
2025-04-07 02:43:31.088,1577.2224353717515,27543524242.979813
2025-04-07 03:27:54.805,1565.1872416501783,27114180307.399693
2025-04-07 04:04:50.733,1543.7195986582446,27711161802.18325
2025-04-07 05:06:57.999,1542.1405014686475,29832846310.227177
2025-04-07 06:04:18.589,1539.1343681109986,29815805109.02239
2025-04-07 07:04:51.142,1431.7317354788427,32086264623.054302
2025-04-07 08:04:56.803,1460.1188971347758,38832981431.0937
2025-04-07 09:04:54.687,1493.115630454946,39855065655.356926
2025-04-07 10:01:15.231,1487.765036007936,42355845125.0004
2025-04-07 11:04:05.902,1491.2079592407495,42357187172.46948
2025-04-07 12:04:50.929,1486.0197395366854,45893303469.04985
2025-04-07 13:04:53.751,1515.6760555564645,46459006427.001884
2025-04-07 14:04:15.970,1555.6202657817064,44673949367.98057
2025-04-07 15:06:13.569,1574.7623344333686,55459884356.791916
2025-04-07 16:04:36.509,1555.5145894643515,57201296583.87622
2025-04-07 17:04:49.544,1531.161143174932,59235716798.272064
2025-04-07 18:04:47.803,1566.5648149141439,59404096454.60184
2025-04-07 19:04:59.373,1552.5939219454385,57206784513.435905
2025-04-07 20:04:38.400,1543.62719075936,45998033717.21476
2025-04-07 21:01:44.775,1569.1290084604236,54165866660.32794
2025-04-07 22:04:36.866,1566.060939150459,53314666365.98878
2025-04-07 23:04:47.542,1577.9143266235733,51732236410.05973
2025-04-08 00:25:35.649,1559.033144324226,47988535080.06876
2025-04-08 01:04:43.372,1545.9965073253238,48445929000.03995
2025-04-08 02:04:31.319,1589.4781875632534,46574128451.5704
2025-04-08 03:05:59.597,1587.433571256241,48010800565.50251
2025-04-08 04:04:59.032,1582.9388271174212,46802002637.06076
2025-04-08 05:09:36.796,1593.7402813338936,45669363434.95983
2025-04-08 06:04:46.979,1589.5081752833983,45160672414.11229
2025-04-08 07:05:13.189,1576.4087961751945,39219645653.41748
2025-04-08 08:04:59.385,1568.6030176924403,36907990663.07247
2025-04-08 09:04:58.623,1565.41422380073,34795400269.782295
2025-04-08 10:05:00.281,1567.9861019608727,33951834833.611004
2025-04-08 11:04:34.460,1567.461828513284,32458323987.577698
2025-04-08 12:09:48.057,1585.158743096009,31073249922.084225
2025-04-08 13:06:07.021,1570.8989520894415,29862019119.309174
2025-04-08 14:04:53.941,1566.5822594492706,28404823196.829674
2025-04-08 15:04:31.305,1536.7393707592653,23032524651.268898
2025-04-08 16:09:33.407,1530.232743959875,20725650698.48577
2025-04-08 17:03:25.272,1486.7267307453815,20679789689.863037
2025-04-08 18:09:47.045,1479.79022044931,17021840180.251385
2025-04-08 19:09:42.859,1474.0968320977308,21625969908.85413
2025-04-08 20:04:49.292,1465.476595278921,21701205541.68354
2025-04-08 21:05:03.843,1478.0534038986498,19241457225.545944
2025-04-08 22:04:57.218,1474.6995604681726,20580721753.01144
2025-04-08 23:04:56.513,1464.1916779991018,22121694883.81907
2025-04-09 00:04:59.402,1472.0913986626454,22443664698.65409
2025-04-09 01:09:29.430,1462.5771439997247,22768192448.3461
2025-04-09 02:01:32.804,1430.3791903784584,24062587722.80616
2025-04-09 03:04:57.132,1421.8459890371487,24920581666.83397
2025-04-09 04:04:52.592,1417.3548396971037,25453993349.38207
2025-04-09 05:04:49.864,1439.624520978951,26765665332.498898
2025-04-09 06:04:46.856,1456.005481835613,27889042040.09568
2025-04-09 07:01:03.431,1462.9931072898971,28185874859.906357
2025-04-09 08:04:58.711,1484.6836862497428,28667435590.70136
2025-04-09 09:04:45.777,1479.3059548587523,29548626037.21346
2025-04-09 10:03:57.271,1479.2525492423724,28469422090.647266
2025-04-09 11:04:40.825,1487.1895788545642,30016378279.02559
2025-04-09 12:04:41.701,1454.009697853938,31651329549.788166
2025-04-09 13:09:34.492,1462.0541733047864,31608189312.783104
2025-04-09 14:02:17.549,1489.4620843877572,30184272515.021008
2025-04-09 15:04:59.744,1474.9756956905615,31395198972.121685
2025-04-09 16:04:55.169,1485.5789774077023,33032138542.05905
2025-04-09 17:04:57.813,1501.2146933764227,32710347390.87148
2025-04-09 18:04:43.048,1612.3027649058047,37444533369.76007
2025-04-09 19:04:56.029,1631.2756871894896,37932676417.21139
2025-04-09 20:07:16.029,1640.8830289237035,40663063596.988884
2025-04-09 21:01:58.248,1662.0227558580898,42284118399.15879
2025-04-09 22:04:50.639,1672.6973219065605,43184890829.86059
2025-04-09 23:07:21.609,1668.8850763920027,42741888705.73418
2025-04-10 00:04:57.099,1667.065136499343,42656695237.383934
2025-04-10 01:01:12.631,1642.0219005229399,41617899675.13388
2025-04-10 02:04:59.335,1636.4754111543862,39410860485.84177
2025-04-10 03:05:09.320,1634.3886406450013,38538824842.3759
2025-04-10 04:44:07.513,1610.8155533221197,37442990365.80275
2025-04-10 05:49:12.377,1621.158711016868,36687910512.86791
2025-04-10 06:20:11.389,1618.6424586971982,36446994569.25688
2025-04-10 08:30:50.909,1593.1487806169844,30353525028.419914
2025-04-10 08:52:41.515,1591.0134626922077,31333978491.61589
2025-04-10 09:01:00.250,1590.5117591784185,34732415950.611084
2025-04-10 10:57:02.463,1592.5110264398857,34752191113.94735
2025-04-10 11:26:05.961,1587.2489308190861,33170674494.28851
2025-04-10 12:08:06.761,1592.9332467243082,32286565543.40698
2025-04-10 13:04:57.174,1592.7089123491185,32443462629.446022
2025-04-10 14:00:14.581,1573.7319379017276,31277382279.31189
2025-04-10 15:04:56.264,1569.4207455322828,31588364966.548775
2025-04-10 16:04:58.083,1501.1248472301354,31041878464.621105
2025-04-10 17:05:58.951,1507.6805806308703,32052957927.471416
2025-04-10 18:08:17.097,1509.5122743804031,26263656134.69124
2025-04-10 19:05:24.425,1518.104264103272,23052692859.310413
2025-04-10 20:00:02.245,1518.5308649601548,22505683057.65209
2025-04-10 21:06:36.350,1529.4643317661541,22189509913.77551
2025-04-10 22:04:59.978,1523.7207535690857,21591610005.776337
2025-04-10 23:04:41.545,1525.0304095343854,21161560985.71467
2025-04-11 00:04:59.497,1521.3245487030365,20420797405.17073
2025-04-11 01:08:41.397,1510.667697486076,20066836229.496204
2025-04-11 02:04:59.751,1539.2395572310618,21102096289.509533
2025-04-11 03:04:42.375,1535.9051542755703,21110784284.258957
2025-04-11 04:04:44.762,1542.7191125656489,20516518531.432693
2025-04-11 05:04:43.701,1546.200169622373,19907731731.18199
2025-04-11 06:01:08.166,1548.1032524034486,20476336858.48488
2025-04-11 07:04:35.674,1553.024051950001,20527817824.550804
2025-04-11 08:04:56.560,1553.08352753589,20046748518.033867
2025-04-11 09:03:37.369,1548.4087342258329,19246657028.178154
2025-04-11 10:04:49.323,1561.6617684401147,20560573941.456936
2025-04-11 11:04:55.708,1566.4786337655585,20705209406.154655
2025-04-11 12:04:47.593,1558.4677866905242,20936412144.642063
2025-04-11 13:02:51.540,1556.0948779987916,18450892072.285854
2025-04-11 14:04:42.346,1568.1479534180808,15522398823.212242
2025-04-11 15:04:38.269,1556.9152331079636,19306564801.381107
2025-04-11 16:09:31.162,1564.3966313336027,17115561852.657438
2025-04-11 17:04:51.847,1567.7499795761942,15874950806.483398
2025-04-11 18:04:42.406,1580.7741146123458,14181259650.600706
2025-04-11 19:04:42.537,1564.4678682856136,15267473208.403933
2025-04-11 20:04:43.339,1565.26737813283,14828431500.655853
2025-04-11 21:04:39.612,1571.0164769705887,14415309086.083286
2025-04-11 22:00:47.178,1573.0779826903365,14545899225.887348
2025-04-11 23:02:31.411,1566.1193095553028,14295111264.523043
2025-04-12 00:04:53.463,1567.256910374535,14182550888.863901
2025-04-12 01:04:53.044,1562.0031466106143,13483584661.958334
2025-04-12 02:01:44.853,1554.1209584493392,10725252313.854588
2025-04-12 03:07:57.455,1549.0539856066391,12991169599.475368
2025-04-12 04:04:57.463,1554.6859034191327,12872026507.597462
2025-04-12 05:04:45.912,1565.9805844613315,11322442075.926786
2025-04-12 06:03:06.393,1567.6052792894895,11960424710.148876
2025-04-12 07:04:52.098,1572.737830874852,12494621904.16501
2025-04-12 08:04:47.737,1581.4438109407774,12023951371.490118
2025-04-12 09:09:09.119,1593.5934996536116,11750682603.982676
2025-04-12 10:04:52.350,1596.880868813545,11931486896.087883
2025-04-12 11:09:38.934,1592.7311261027994,11263728448.746151
2025-04-12 12:07:56.847,1592.2875732729676,10731077157.060644
2025-04-12 13:02:46.284,1603.276315509424,10895701606.704884
2025-04-12 14:03:19.395,1634.1839782956745,9569522365.736824
2025-04-12 15:03:41.600,1654.93736648218,11179572295.90341
2025-04-12 16:00:13.581,1657.3552467517923,11634446655.935482
2025-04-12 17:08:00.979,1644.1702834637751,11603933048.35289
2025-04-12 18:04:51.685,1635.0302373501033,11781873584.417368
2025-04-12 19:04:58.760,1651.1671649123248,11302250211.753235
2025-04-12 20:00:50.096,1640.6449219365388,11636844785.22471
2025-04-12 21:04:59.550,1649.496520253005,11404215108.642344
2025-04-12 22:04:54.417,1649.6083848950868,11396406803.079544
2025-04-12 23:01:14.984,1650.4492765830848,11710207689.78328
2025-04-13 00:04:56.481,1644.2784770464837,11772797355.04267
2025-04-13 01:04:38.152,1643.1315612984165,11780019329.530678
2025-04-13 02:04:43.642,1623.749146250073,12101841299.758265
2025-04-13 03:01:06.425,1623.227686680362,11989595859.184256
2025-04-13 04:04:50.583,1624.8647024053184,12379330860.172682
2025-04-13 05:04:44.621,1613.177117294942,11938509330.52399
2025-04-13 06:04:28.794,1608.5534632818253,12130547895.41263
2025-04-13 07:04:51.892,1618.8540533686526,12098497310.772343
2025-04-13 08:00:22.950,1613.431422813492,12165533678.345253
2025-04-13 09:04:51.034,1619.2118713228406,11636600501.758984
2025-04-13 10:04:49.170,1625.1548094515974,11968985147.645103
2025-04-13 11:04:58.152,1617.070106476903,11908386028.659523
2025-04-13 12:04:51.837,1601.9493583292365,12418287840.245527
2025-04-13 13:07:06.507,1603.1625324326158,12297869399.477945
2025-04-13 14:04:51.867,1574.108652903949,11909811530.666164
2025-04-13 15:03:57.299,1584.2106848229942,11003178383.772434
2025-04-13 16:08:37.475,1589.472908411628,10943288890.682213
2025-04-13 17:04:43.253,1594.653448590811,10532696822.51474
2025-04-13 18:06:24.807,1637.4825601557711,10843258536.857279
2025-04-13 19:04:53.074,1629.6908799358264,11267517770.964716
2025-04-13 20:04:56.300,1586.9854490285386,11945978441.576202
2025-04-13 21:06:43.671,1584.0780646703554,12683169281.12972
2025-04-13 22:01:33.924,1592.0207524187906,12460064261.529757
2025-04-13 23:04:56.628,1586.9159197553051,13631779182.04775
2025-04-14 00:04:42.079,1596.4089120380506,13786505201.810066
2025-04-14 01:04:57.949,1612.35663713407,13566436392.105066
2025-04-14 02:04:50.423,1615.1350888890922,14224883434.94564
2025-04-14 03:01:46.923,1636.6834679988162,14056914555.399506
2025-04-14 04:04:32.437,1629.0572115459756,14532849792.12892
2025-04-14 05:04:30.467,1637.3377909485448,14363001738.344986
2025-04-14 06:09:31.744,1621.407020626171,14775127258.551405
2025-04-14 07:04:40.907,1623.838994848737,14867477293.960754
2025-04-14 08:04:30.245,1633.3769208004665,15034092418.959429
2025-04-14 09:04:31.718,1637.911098057263,15175228373.216187
2025-04-14 10:04:25.559,1640.91564297101,11612555710.086397
2025-04-14 11:07:06.172,1676.775346418882,16366239142.619892
2025-04-14 12:07:21.013,1672.9624565950928,16706809462.625872
2025-04-14 13:04:51.881,1674.9962503950185,16756047591.142097
2025-04-14 14:04:54.490,1659.5880663175026,15792474350.702702
2025-04-14 15:02:39.118,1677.744630055882,16976338204.453428
2025-04-14 16:06:18.274,1627.9966437492578,16853143717.575115
2025-04-14 17:04:44.838,1630.399527087656,18033873282.416523
2025-04-14 18:04:56.991,1645.9809973802928,16623327390.81827
2025-04-14 19:02:35.412,1640.1817138969486,17614685010.15402
2025-04-14 20:01:06.158,1635.512279360845,16657531249.320107
2025-04-14 21:04:55.784,1634.728903113925,15886525347.58104
2025-04-14 22:04:40.797,1623.9588819891296,15593986320.245598
2025-04-14 23:04:56.387,1621.0722122683167,15115037147.77337
2025-04-15 00:04:52.663,1623.2257239346889,15544140368.137287
2025-04-15 01:04:56.011,1631.7041486817434,14990461273.931767
2025-04-15 02:05:50.605,1634.1170869409755,14894432239.752275
2025-04-15 03:04:32.602,1628.4495528481264,14583244749.238342
2025-04-15 04:01:21.251,1637.426183121527,14372223959.274122
2025-04-15 05:09:16.631,1640.4787153095517,14350920585.352386
2025-04-15 06:02:32.612,1641.6580755213733,13304757390.578806
2025-04-15 07:08:59.463,1638.5231292813833,14252589328.977936
2025-04-15 08:11:57.123,1643.703858821177,14114701814.04795
2025-04-15 09:04:39.996,1641.0413249058581,14072402315.47687
2025-04-15 10:03:33.785,1645.9341875653424,13215202020.514145
2025-04-15 11:04:45.784,1631.537436992756,13181625018.544514
2025-04-15 12:00:44.775,1630.5132737743043,12562953534.486464
2025-04-15 13:03:24.954,1640.1477108408042,12583025119.063498
2025-04-15 14:04:58.247,1631.8719599831506,10233208061.41942
2025-04-15 15:04:43.814,1621.7408450366693,12996381516.205074
2025-04-15 16:04:46.789,1618.6659297252631,12181978001.66564
2025-04-15 17:04:34.991,1623.4548754025855,12152357741.666485
2025-04-15 18:04:38.707,1615.942550687263,11170261112.466188
2025-04-15 19:05:56.041,1611.5705458877164,11706564223.809376
2025-04-15 20:04:44.592,1606.7633768546182,11747686036.53142
2025-04-15 21:04:49.244,1595.9180291778373,11375169684.151928
2025-04-15 22:04:56.337,1602.2957009981483,11774387137.705404
2025-04-15 23:04:53.117,1590.0684608612298,11869795690.25208
2025-04-16 00:04:48.124,1587.7746605269765,11738394301.358755
2025-04-16 01:04:50.680,1586.736117080646,11988602508.144716
2025-04-16 02:04:50.647,1596.3955726287963,11914503377.04985
2025-04-16 02:54:45.000,1596.3282232652377,11888567178.779936
