ts,close,mcap,volume,open,high,low,close_candle
2026-07-16 16:00:00,1881.193430060448,227027902920.6654,11072432857.717804,1882.62,1890.06,1867.78,1881.24
2026-07-16 20:00:00,1873.6461234691626,226117071976.46857,10596962772.042168,1878.09,1881.32,1865.0,1873.65
2026-07-17 00:00:00,1863.0065007127855,224833051309.7742,10783158385.916962,1873.98,1880.09,1857.9,1863.12
2026-07-17 04:00:00,1851.4514341275826,223438478681.601,11143735549.953033,1863.12,1868.04,1843.8,1851.7
2026-07-17 08:00:00,1827.396426039893,220535451190.45883,11472285166.75272,1850.03,1850.96,1821.99,1827.45
2026-07-17 12:00:00,1838.5892990532686,221886239265.20163,10333209531.535006,1829.14,1841.44,1821.07,1838.64
2026-07-17 16:00:00,1829.1441306790862,220746369207.84116,10309124274.29975,1838.13,1838.13,1803.68,1829.14
2026-07-17 20:00:00,1841.8939524205073,222285054328.52707,10526846688.673948,1828.49,1851.19,1826.45,1843.14
2026-07-18 00:00:00,1840.7681193183653,222149185555.00424,10022919662.432865,1840.54,1845.12,1835.21,1840.72
2026-07-18 04:00:00,1845.0254539378313,222662930107.18707,9008856540.788628,1840.46,1845.07,1839.05,1845.03
2026-07-18 08:00:00,1843.1939503372098,222441899032.87552,7713282023.984354,1844.04,1847.57,1842.23,1843.22
2026-07-18 12:00:00,1844.9039867892157,222648271105.51053,6917234521.084685,1842.47,1847.79,1841.68,1844.83
2026-07-18 16:00:00,1843.2350583406615,222446860063.88983,5357060396.929903,1846.05,1848.37,1837.74,1843.23
2026-07-18 20:00:00,1857.9272819249484,224219959478.9062,4893534312.318412,1842.26,1858.53,1841.5,1857.78
2026-07-19 00:00:00,1862.32234801627,224750368580.7533,4987957002.308284,1857.64,1863.69,1856.05,1862.32
2026-07-19 04:00:00,1866.8076713983744,225291641339.74472,5394583999.247265,1862.63,1873.21,1858.78,1866.76
2026-07-19 08:00:00,1869.5176481854573,225618689019.96835,5538276930.377626,1867.43,1870.33,1864.63,1869.37
2026-07-19 12:00:00,1870.062101072122,225684395137.6087,5226845129.50619,1868.72,1877.01,1865.82,1870.14
2026-07-19 16:00:00,1870.550432203383,225743328322.72717,6664476994.658875,1867.95,1876.07,1864.5,1870.69
2026-07-19 20:00:00,1861.2749084266638,224623931821.43814,6573251833.492541,1869.84,1872.51,1855.51,1861.28
2026-07-20 00:00:00,1870.8170349782704,225775502701.29886,6954436039.274067,1862.9,1874.69,1857.55,1870.88
2026-07-20 04:00:00,1878.421705588153,226693238687.67636,7591065620.441431,1867.77,1889.26,1865.53,1878.43
2026-07-20 08:00:00,1862.4809086607436,224769458275.6493,8490634628.142251,1877.65,1877.93,1844.87,1862.45
2026-07-20 12:00:00,1890.4080095901716,228139779720.5175,9433382554.87115,1864.16,1892.53,1854.25,1890.44
2026-07-20 16:00:00,1900.8178841969047,229396072799.92163,10408921079.610397,1884.68,1900.58,1853.56,1900.44
2026-07-20 20:00:00,1897.7864987243308,229030236636.27203,11695123023.777502,1897.34,1915.56,1890.73,1897.12
2026-07-21 00:00:00,1901.7735152870935,229511401059.90768,11562172058.259706,1895.48,1905.7,1893.41,1902.5
2026-07-21 04:00:00,1924.956095645735,232309097419.97443,11547754511.158667,1900.92,1925.53,1899.57,1925.15
2026-07-21 08:00:00,1933.2446233517182,233309380176.90207,11552451456.528584,1926.65,1937.24,1921.32,1933.23
2026-07-21 12:00:00,1934.4707473690905,233457352260.23697,12763704028.410173,1932.5,1946.69,1926.47,1934.53
2026-07-21 16:00:00,1930.0600430621519,232925056100.93802,12343072624.998075,1933.22,1943.52,1923.45,1930.04
2026-07-21 20:00:00,1922.95949272727,232068141783.14502,11810807464.446478,1930.28,1932.64,1915.24,1922.96
2026-07-22 00:00:00,1928.6558956703082,232755599657.75903,11705227603.004368,1921.51,1928.25,1916.73,1928.16
2026-07-22 04:00:00,1928.1421873682154,232693551162.3561,11672876886.9147,1928.73,1941.5,1926.13,1928.13
2026-07-22 08:00:00,1913.340451310583,230907236569.38535,11589579125.725477,1929.73,1936.99,1910.56,1913.51
2026-07-22 12:00:00,1926.374775716498,232480255018.37976,10127300292.101778,1914.61,1931.43,1914.61,1926.3
2026-07-22 16:00:00,1941.7762475563654,234338947390.25168,9966213721.39161,1924.77,1950.06,1913.96,1941.42
2026-07-22 20:00:00,1924.817062097911,232292265815.1054,10120107764.15384,1939.85,1954.04,1921.66,1924.98
2026-07-23 00:00:00,1933.4132583162384,233329678635.40228,10248156689.026426,1926.18,1937.2,1923.75,1933.47
2026-07-23 04:00:00,1919.9184687896088,231701040254.87357,9872596129.590212,1933.13,1939.98,1918.74,1919.97
2026-07-23 08:00:00,1914.477635742957,231044425561.46054,9211866376.57652,1919.33,1926.19,1912.41,1914.72
2026-07-23 12:00:00,1925.28505315006,232348694412.66498,9128734717.833427,1914.52,1929.84,1914.31,1925.24
2026-07-23 16:00:00,1893.1705115500597,228473023222.9818,9639789188.046894,1925.25,1926.29,1882.67,1893.26
2026-07-23 20:00:00,1874.624405006821,226234828086.78146,9390547072.582378,1888.72,1889.82,1870.73,1874.09
2026-07-24 00:00:00,1876.9500085020109,226515488311.58548,9245139007.364325,1877.11,1886.48,1875.31,1877.5
2026-07-24 04:00:00,1879.3084561022174,226800041949.5226,9547665346.905743,1876.95,1879.68,1862.74,1879.44
2026-07-24 08:00:00,1894.1213892879891,228587706905.22467,9850825534.741001,1879.31,1907.14,1873.82,1895.19
2026-07-24 12:00:00,1881.2834173519825,227038385630.06158,9685916182.220783,1894.12,1894.84,1876.55,1882.57
2026-07-24 16:00:00,1859.1068719750374,224362059981.9461,9317379658.897923,1881.28,1883.86,1848.12,1860.87
2026-07-24 20:00:00,1862.5001295052866,224771567504.62402,8982502447.03577,1859.11,1864.56,1852.93,1861.71
2026-07-25 00:00:00,1861.2641627234207,224622407680.93185,8602589038.669394,1862.5,1863.57,1855.93,1860.53
2026-07-25 04:00:00,1858.2523122219116,224258878673.74142,7950443611.680396,1861.26,1863.22,1855.93,1857.79
2026-07-25 08:00:00,1853.9562149716362,223740414122.03146,6495422326.990565,1858.25,1861.4,1853.56,1854.85
2026-07-25 12:00:00,1857.2875861514676,224142452941.1527,6771872335.130382,1853.96,1858.72,1851.52,1857.22
2026-07-25 16:00:00,1866.8758349781933,225299588555.18314,4980159738.385317,1857.29,1868.75,1855.59,1866.23
2026-07-25 20:00:00,1873.4925557500376,226098112184.63406,4653190300.211942,1866.88,1875.84,1863.94,1874.72
2026-07-26 00:00:00,1874.0317210558958,226163180101.46985,4513613793.837512,1873.49,1875.72,1868.04,1874.47
2026-07-26 04:00:00,1880.1374832766721,226900001648.44128,3796107979.946589,1874.03,1881.63,1874.03,1880.38
2026-07-26 08:00:00,1879.60227036298,226835410727.7883,4478107298.748286,1880.14,1887.5,1877.1,1880.18
2026-07-26 12:00:00,1885.2230243418437,227513738296.07178,4313846233.010433,1879.6,1885.99,1879.28,1884.53
2026-07-26 16:00:00,1913.4317227045958,230918039184.67172,4151231210.9347134,1885.22,1913.55,1882.33,1912.93
2026-07-26 20:00:00,1912.6408422324191,230822593621.76114,4397825528.644611,1913.43,1923.58,1908.23,1912.68
2026-07-27 00:00:00,1951.7881774065308,235546998349.89713,5973089643.138823,1912.64,1960.36,1910.43,1952.86
2026-07-27 04:00:00,1948.0514353929502,235095982000.6434,6894173170.002111,1951.79,1951.79,1936.45,1946.99
2026-07-27 08:00:00,1964.380379133041,237066601971.8946,8542593323.073155,1948.05,1973.07,1948.05,1962.98
2026-07-27 12:00:00,1961.3386304178841,236699572469.23376,9378961408.422047,1964.38,1969.59,1955.9,1958.2
2026-07-27 16:00:00,1924.7164271644683,232279851699.97635,11197955083.936804,1961.34,1973.9,1920.28,1926.46
2026-07-27 20:00:00,1948.1266349581315,235105057282.3845,11940488100.285646,1924.72,1951.98,1923.81,1946.44
2026-07-28 00:00:00,1890.5713453129135,228159133220.71072,11849816603.773048,1948.13,1948.13,1883.82,1890.45
2026-07-28 04:00:00,1879.2391455171423,226791466684.25693,12006454947.316113,1890.57,1890.75,1866.32,1878.86
2026-07-28 08:00:00,1882.2642536962808,227156544605.53265,11098074806.282942,1879.24,1886.41,1875.31,1881.82
2026-07-28 12:00:00,1873.801407549197,226135226326.48404,11030686158.247896,1882.26,1883.23,1870.94,1875.96
2026-07-28 16:00:00,1916.3349006402116,231268278872.95032,11078479613.032223,1873.8,1918.39,1860.94,1917.4
2026-07-28 20:00:00,1917.8696701095353,231453498843.38382,11279136762.43029,1916.33,1925.65,1893.18,1919.69
2026-07-29 00:00:00,1922.9988578210239,232072502553.88138,10164585661.916372,1917.87,1924.83,1903.55,1920.36
2026-07-29 04:00:00,1888.9438125983445,227962569474.23965,9691138244.263668,1923.0,1925.26,1889.55,1890.46
2026-07-29 08:00:00,1919.6939640824485,231673576385.76657,10215168908.817682,1888.94,1921.55,1883.83,1921.55
2026-07-29 12:00:00,1911.6467307541488,230702415690.333,10035291917.427256,1919.69,1921.76,1908.85,1913.35
2026-07-29 16:00:00,1888.4868261335569,227907419179.1207,9065444571.87862,1911.65,1911.81,1886.78,1889.78
2026-07-29 20:00:00,1883.4132883060386,227295131660.6821,10044798711.35792,1888.49,1926.22,1884.9,1886.62
2026-07-30 00:00:00,1907.7810005881443,230235889488.93994,10333774508.674763,1883.41,1909.88,1875.4,1908.74
2026-07-30 04:00:00,1907.0393465110649,230146292221.64832,10208863027.768417,1907.78,1917.52,1892.41,1907.86
2026-07-30 08:00:00,1900.269954070164,229329344960.58792,9731805631.274652,1907.04,1907.04,1897.93,1901.44
2026-07-30 12:00:00,1922.3119771877018,231989431603.7115,9809374087.37034,1900.27,1923.71,1899.41,1921.31
2026-07-30 16:00:00,1918.7437206046375,231558805448.15253,9445560355.169182,1922.31,1932.88,1913.36,1917.01
2026-07-30 20:00:00,1924.5264967937655,232256685384.9825,7745917188.016125,1918.74,1926.39,1913.81,1922.65
2026-07-31 00:00:00,1918.7644614332812,231561308503.38245,7272705957.12948,1924.53,1933.62,1916.09,1917.79
2026-07-31 04:00:00,1907.0458491983577,230146743532.30118,7318407454.321322,1918.76,1932.69,1899.34,1907.67
2026-07-31 08:00:00,1888.9396939969017,227961650468.46255,7420506116.3586445,1907.05,1908.57,1884.35,1888.67
2026-07-31 12:00:00,1881.1962872500346,227027158071.5511,7594494064.023319,1888.94,1891.06,1877.31,1882.38
2026-07-31 16:00:00,1860.7827118181046,224563600149.49872,8922081518.916784,1881.2,1887.73,1851.06,1861.0
2026-07-31 20:00:00,1866.7334586396619,225281750163.11392,9207281526.170029,1860.78,1875.58,1860.07,1865.87
2026-08-01 00:00:00,1863.142662703628,224848404529.75403,9042167350.043133,1866.73,1868.4,1858.45,1860.59
2026-08-01 04:00:00,1868.1269049104678,225449785313.862,7998228530.003471,1863.14,1867.92,1861.98,1867.84
2026-08-01 08:00:00,1867.762660186393,225405827435.7176,7338932089.433076,1868.13,1869.92,1863.65,1867.81
2026-08-01 12:00:00,1865.9968227660484,225192722177.0387,6562356055.493704,1867.76,1868.86,1862.21,1865.22
2026-08-01 16:00:00,1868.4208357616933,225485257554.6031,4140886297.6236176,1866.0,1873.34,1865.64,1868.87
2026-08-01 20:00:00,1835.2916577832723,221487153334.15256,4376027404.234351,1868.42,1871.38,1823.39,1835.74
2026-08-02 00:00:00,1844.6142829481894,222612228850.41833,4345284958.476399,1835.29,1847.41,1832.49,1843.44
2026-08-02 04:00:00,1877.7431785546723,226610278929.82938,5202375036.530776,1844.61,1879.63,1842.37,1875.8
2026-08-02 08:00:00,1874.4022581166214,226207089121.44894,5370575138.838301,1877.74,1880.17,1873.64,1874.18
2026-08-02 12:00:00,1852.6880778296927,223586572904.02832,5517915938.402135,1874.4,1876.56,1848.83,1850.41
2026-08-02 16:00:00,1855.3120255270624,223903236826.11795,5562678473.097501,1852.69,1858.95,1851.17,1856.88
2026-08-02 20:00:00,1880.4397313652053,226935705000.61624,4868470659.399763,1855.31,1881.26,1854.83,1880.46
2026-08-03 00:00:00,1881.7059929808206,227088520306.34595,5178156906.505385,1880.44,1895.26,1875.42,1882.86
2026-08-03 04:00:00,1857.0542362230678,224113468556.1199,4747057339.703221,1881.71,1881.71,1852.63,1856.18
2026-08-03 08:00:00,1840.979065040606,222173480858.9043,5073231367.482218,1857.05,1860.75,1839.85,1841.63
2026-08-03 12:00:00,1837.9139243135883,221803572804.23074,5461207165.155949,1840.98,1850.71,1828.66,1837.46
2026-08-03 16:00:00,1862.6685980865175,224791022332.63535,6858712718.40016,1837.91,1870.12,1835.41,1860.58
2026-08-03 20:00:00,1867.5173937798559,225376185867.4194,7100216441.532289,1862.67,1873.67,1860.5,1868.85
2026-08-04 00:00:00,1858.1994088400288,224251670554.8965,6884926402.858351,1867.52,1873.61,1852.94,1858.54
2026-08-04 04:00:00,1862.2850500518393,224744675284.55872,7103235837.972769,1858.2,1867.27,1847.64,1862.63
2026-08-04 08:00:00,1863.1094675372347,224844167808.56784,7083748553.7922325,1862.29,1871.59,1851.95,1862.23
2026-08-04 12:00:00,1869.4981596547686,225615169291.6159,6927341397.019525,1863.11,1872.15,1851.97,1871.15
2026-08-04 16:00:00,1871.3010128184314,225832741595.51312,6824037408.442236,1869.5,1878.7,1859.01,1872.51
2026-08-04 20:00:00,1872.047760012736,225922860697.15063,7061518186.409764,1871.3,1878.93,1865.48,1874.96
2026-08-05 00:00:00,1868.126838502906,225449675224.5408,6996132030.673606,1872.05,1878.79,1866.85,1868.68
2026-08-05 04:00:00,1865.4592179833007,225127670516.71616,6970217598.280459,1868.13,1875.25,1860.87,1866.33
2026-08-05 08:00:00,1871.3328502747727,225836513220.16608,7101456941.415494,1865.46,1874.35,1862.34,1867.74
2026-08-05 12:00:00,1867.2773866629598,225347091062.3449,6993021582.476071,1871.33,1873.63,1865.85,1867.37
2026-08-05 16:00:00,1873.9674818086569,226154466276.53708,7232461744.052245,1867.28,1881.06,1856.24,1872.4
2026-08-05 20:00:00,1915.6701501708958,231187234879.68646,8532501089.476312,1873.97,1923.8,1873.73,1916.28
2026-08-06 00:00:00,1906.3637301659685,230064115898.38574,8696347613.684258,1915.67,1921.57,1904.27,1907.04
2026-08-06 04:00:00,1895.8682972967667,228797447922.66202,8605018716.60674,1907.44,1911.41,1894.04,1896.69
2026-08-06 08:00:00,1907.9211803415835,230252015671.2216,8457859642.329323,1896.69,1915.24,1894.32,1907.77
2026-08-06 12:00:00,1902.7462058627607,229627488663.9881,8695165290.39062,1907.77,1915.65,1896.0,1905.17
2026-08-06 16:00:00,1909.3543814399534,230424977450.33594,8542096477.170439,1905.32,1916.71,1891.72,1910.14
2026-08-06 20:00:00,1908.2314998563224,230289465695.1046,7356566340.8612795,1910.14,1916.0,1903.18,1908.16
2026-08-07 00:00:00,1901.8013771932322,229513464715.9003,7028541347.348612,1908.16,1908.82,1897.76,1902.22
2026-08-07 04:00:00,1895.4354771122366,228745155617.30203,6831599004.478097,1902.16,1905.33,1895.47,1895.74
2026-08-07 08:00:00,1901.44947049295,229470937037.12045,6708443878.001006,1895.73,1905.62,1893.25,1901.04
2026-08-07 12:00:00,1917.2350459235106,231375973611.55112,7276416492.837741,1900.81,1918.58,1900.69,1914.55
2026-08-07 16:00:00,1917.9113460029694,231457590933.1576,7851373356.23789,1914.58,1934.63,1910.82,1916.46
2026-08-07 20:00:00,1917.2332429819194,231375756028.75296,7898495718.327005,1917.03,1922.18,1905.17,1917.62
2026-08-08 00:00:00,1912.1593085949448,230763422913.2471,7921649625.840332,1917.62,1918.39,1911.72,1913.04
2026-08-08 04:00:00,1917.6884920217956,231430644810.92148,7708014556.448078,1912.99,1917.73,1911.39,1917.01
2026-08-08 08:00:00,1913.6757564858074,230946379521.53116,7184824179.829619,1917.01,1918.14,1913.11,1913.97
2026-08-08 12:00:00,1919.3601807913985,231632387696.4224,6008708637.391855,1913.97,1921.07,1913.61,1919.73
2026-08-08 16:00:00,1921.8931702275368,231938074141.81934,4285380765.8825326,1919.73,1924.13,1917.41,1921.42
2026-08-08 20:00:00,1918.9738933026797,231585769717.0329,3626685686.234889,1921.41,1924.43,1918.57,1919.01
2026-08-09 00:00:00,1915.3836992180761,231152497610.82123,3390714182.0097528,1919.01,1920.9,1913.81,1915.46
2026-08-09 04:00:00,1912.614222152622,230818248546.27753,3311587967.33682,1915.45,1918.21,1911.24,1912.54
2026-08-09 08:00:00,1919.2782701528906,231622479671.31805,3448204766.237865,1912.65,1917.75,1911.5,1917.14
2026-08-09 12:00:00,1916.3279827404954,231266432871.4199,3481903241.3566628,1917.38,1922.26,1912.39,1917.7
2026-08-09 16:00:00,1924.3373872780949,232233024411.86478,3536252246.8070455,1917.74,1925.51,1915.25,1925.19
2026-08-09 20:00:00,1920.5636181324028,231777598129.58698,3464490790.3094683,1925.19,1925.19,1919.73,1920.69
2026-08-10 00:00:00,1909.6461814501333,230460059242.53418,4011985534.3149304,1920.68,1934.33,1907.75,1908.94
2026-08-10 04:00:00,1916.487126619964,231285609754.3922,4770867751.264771,1908.94,1926.25,1905.4,1915.75
2026-08-10 08:00:00,1925.647318666085,232391080578.29016,5145258627.978318,1915.71,1928.94,1913.91,1923.83
2026-08-10 12:00:00,1919.9257880284392,231700594488.46695,5356094384.008305,1924.11,1927.65,1913.71,1918.66
2026-08-10 16:00:00,1875.3581234613603,226322077027.24838,6923483371.749364,1918.62,1921.37,1871.68,1875.91
2026-08-10 20:00:00,1876.792232732133,226495148284.83105,7855810604.477656,1875.57,1878.35,1867.61,1876.01
2026-08-11 00:00:00,1870.3172639499164,225713735729.46637,7410323435.919827,1876.08,1878.85,1869.22,1871.32
2026-08-11 04:00:00,1879.7774824360072,226855373220.1144,6961381004.923806,1871.4,1879.55,1869.76,1879.14
2026-08-11 08:00:00,1876.8887654148582,226506756969.47656,7039627643.112256,1879.12,1879.98,1869.42,1875.89
2026-08-11 12:00:00,1893.227794268057,228478584232.6394,7438475942.864832,1875.96,1893.54,1874.22,1891.72
2026-08-11 16:00:00,1861.5734958571704,224658479062.15042,6850229350.131697,1891.79,1894.37,1854.88,1861.36
2026-08-11 20:00:00,1880.1791582212245,226903848271.56088,6778426758.743634,1861.36,1881.54,1859.57,1880.22
2026-08-12 00:00:00,1880.4862005694617,226940902767.18845,7012585474.087628,1880.22,1884.7,1877.44,1881.1
2026-08-12 04:00:00,1884.787743866838,227459980880.54236,7002760160.446341,1880.49,1885.38,1879.08,1884.79
2026-08-12 08:00:00,1889.6951989929707,228052222448.74792,6781538569.514258,1884.79,1890.65,1883.91,1885.71
2026-08-12 12:00:00,1914.0091220982224,230986475657.17828,6990292564.905245,1889.7,1913.62,1888.42,1913.55
2026-08-12 16:00:00,1891.0092326936417,228210802682.2005,7104349905.621482,1914.01,1918.99,1883.98,1891.01
2026-08-12 20:00:00,1877.5684720425447,226588744617.2185,6731298080.376865,1891.01,1893.3,1876.31,1877.57
2026-08-13 00:00:00,1877.743530062547,226609870971.63812,6676533766.105008,1877.57,1886.69,1873.79,1877.82
2026-08-13 04:00:00,1885.5869960439884,227556396424.98688,7025300286.985584,1877.74,1886.46,1872.07,1885.39
2026-08-13 08:00:00,1895.177107681557,228713750209.31873,7103075233.224326,1885.59,1897.36,1883.75,1893.88
2026-08-13 12:00:00,1877.5046631158334,226581004380.1241,6761337880.38947,1895.18,1895.24,1874.08,1878.25
2026-08-13 16:00:00,1879.3478400196248,226803442642.098,5993069360.324411,1877.5,1894.42,1877.49,1881.28
2026-08-13 20:00:00,1885.1988542764336,227509554702.9597,6485859909.652184,1879.35,1889.57,1862.86,1885.26
2026-08-14 00:00:00,1884.712594124015,227450871858.70926,6164498668.501968,1885.2,1890.9,1883.1,1884.3
2026-08-14 04:00:00,1882.529308164947,227187350878.2248,5784885471.094911,1884.71,1888.89,1881.8,1882.67
2026-08-14 08:00:00,1872.3539014633996,225959362722.8178,5633931987.982976,1882.53,1885.74,1871.1,1872.24
2026-08-14 12:00:00,1875.3909980370377,226325885529.0942,5470087886.945066,1872.35,1878.46,1868.07,1876.49
2026-08-14 16:00:00,1880.0736597716693,226890998385.47083,5447573021.5734215,1875.39,1881.63,1863.04,1879.93
2026-08-14 20:00:00,1878.6816191787063,226723004180.40927,4983974646.053044,1880.07,1885.38,1872.02,1878.71
2026-08-15 00:00:00,1880.5615236085205,226949874755.7896,4943314823.035665,1878.68,1880.59,1874.84,1880.38
2026-08-15 04:00:00,1881.2600323253187,227034135096.55325,4871954309.471994,1880.56,1884.6,1879.51,1880.89
2026-08-15 08:00:00,1878.0831440495465,226650742014.47263,4492328497.3621645,1881.26,1883.74,1878.31,1878.49
2026-08-15 12:00:00,1877.4285145227918,226571740044.58987,4226926673.3865232,1878.08,1879.67,1874.28,1877.51
